/wiki/9/releases,/wiki/drupal/releases
/wiki/8/releases,/wiki/drupal/releases
/wiki/8/releases/8.7.0,/wiki/drupal/releases/8.7.0
/wiki/8/releases/8.7.1,/wiki/drupal/releases/8.7.1
/wiki/8/releases/8.7.2,/wiki/drupal/releases/8.7.2
/wiki/8/releases/8.7.3,/wiki/drupal/releases/8.7.3
/wiki/8/releases/8.7.4,/wiki/drupal/releases/8.7.4
/wiki/8/releases/8.7.5,/wiki/drupal/releases/8.7.5
/wiki/8/releases/8.7.6,/wiki/drupal/releases/8.7.6
/wiki/8/releases/8.7.7,/wiki/drupal/releases/8.7.7
/wiki/8/releases/8.7.8,/wiki/drupal/releases/8.7.8
/wiki/8/releases/8.7.9,/wiki/drupal/releases/8.7.9
/wiki/8/releases/8.7.10,/wiki/drupal/releases/8.7.10
/wiki/8/releases/8.7.11,/wiki/drupal/releases/8.7.11
/wiki/8/releases/8.7.12,/wiki/drupal/releases/8.7.12
/wiki/8/releases/8.7.13,/wiki/drupal/releases/8.7.13
/wiki/8/releases/8.7.14,/wiki/drupal/releases/8.7.14
/wiki/8/releases/8.8.0,/wiki/drupal/releases/8.8.0
/wiki/8/releases/8.8.1,/wiki/drupal/releases/8.8.1
/wiki/8/releases/8.8.2,/wiki/drupal/releases/8.8.2
/wiki/8/releases/8.8.3,/wiki/drupal/releases/8.8.3
/wiki/8/releases/8.8.4,/wiki/drupal/releases/8.8.4
/wiki/8/releases/8.8.5,/wiki/drupal/releases/8.8.5
/wiki/8/releases/8.8.6,/wiki/drupal/releases/8.8.6
/wiki/8/releases/8.8.7,/wiki/drupal/releases/8.8.7
/wiki/8/releases/8.8.8,/wiki/drupal/releases/8.8.8
/wiki/8/releases/8.8.9,/wiki/drupal/releases/8.8.9
/wiki/8/releases/8.8.10,/wiki/drupal/releases/8.8.10
/wiki/8/releases/8.8.11,/wiki/drupal/releases/8.8.11
/wiki/8/releases/8.8.12,/wiki/drupal/releases/8.8.12
/wiki/8/releases/8.9.0,/wiki/drupal/releases/8.9.0
/wiki/8/releases/8.9.1,/wiki/drupal/releases/8.9.1
/wiki/8/releases/8.9.2,/wiki/drupal/releases/8.9.2
/wiki/8/releases/8.9.3,/wiki/drupal/releases/8.9.3
/wiki/8/releases/8.9.4,/wiki/drupal/releases/8.9.4
/wiki/8/releases/8.9.5,/wiki/drupal/releases/8.9.5
/wiki/8/releases/8.9.6,/wiki/drupal/releases/8.9.6
/wiki/8/releases/8.9.7,/wiki/drupal/releases/8.9.7
/wiki/8/releases/8.9.8,/wiki/drupal/releases/8.9.8
/wiki/8/releases/8.9.9,/wiki/drupal/releases/8.9.9
/wiki/8/releases/8.9.10,/wiki/drupal/releases/8.9.10
/wiki/8/releases/8.9.11,/wiki/drupal/releases/8.9.11
/wiki/8/releases/8.9.12,/wiki/drupal/releases/8.9.12
/wiki/8/releases/8.9.13,/wiki/drupal/releases/8.9.13
/wiki/8/releases/8.9.14,/wiki/drupal/releases/8.9.14
/wiki/8/releases/8.9.15,/wiki/drupal/releases/8.9.15
/wiki/8/releases/8.9.16,/wiki/drupal/releases/8.9.16
/wiki/8/releases/8.9.17,/wiki/drupal/releases/8.9.17
/wiki/8/releases/8.9.18,/wiki/drupal/releases/8.9.18
/wiki/9/releases/9.0.0,/wiki/drupal/releases/9.0.0
/wiki/9/releases/9.0.1,/wiki/drupal/releases/9.0.1
/wiki/9/releases/9.0.2,/wiki/drupal/releases/9.0.2
/wiki/9/releases/9.0.3,/wiki/drupal/releases/9.0.3
/wiki/9/releases/9.0.4,/wiki/drupal/releases/9.0.4
/wiki/9/releases/9.0.5,/wiki/drupal/releases/9.0.5
/wiki/9/releases/9.0.6,/wiki/drupal/releases/9.0.6
/wiki/9/releases/9.0.7,/wiki/drupal/releases/9.0.7
/wiki/9/releases/9.0.8,/wiki/drupal/releases/9.0.8
/wiki/9/releases/9.0.9,/wiki/drupal/releases/9.0.9
/wiki/9/releases/9.0.10,/wiki/drupal/releases/9.0.10
/wiki/9/releases/9.0.11,/wiki/drupal/releases/9.0.11
/wiki/9/releases/9.0.12,/wiki/drupal/releases/9.0.12
/wiki/9/releases/9.0.13,/wiki/drupal/releases/9.0.13
/wiki/9/releases/9.0.14,/wiki/drupal/releases/9.0.14
/wiki/9/releases/9.1.0,/wiki/drupal/releases/9.1.0
/wiki/9/releases/9.1.1,/wiki/drupal/releases/9.1.1
/wiki/9/releases/9.1.2,/wiki/drupal/releases/9.1.2
/wiki/9/releases/9.1.3,/wiki/drupal/releases/9.1.3
/wiki/9/releases/9.1.4,/wiki/drupal/releases/9.1.4
/wiki/9/releases/9.1.5,/wiki/drupal/releases/9.1.5
/wiki/9/releases/9.1.6,/wiki/drupal/releases/9.1.6
/wiki/9/releases/9.1.7,/wiki/drupal/releases/9.1.7
/wiki/9/releases/9.1.8,/wiki/drupal/releases/9.1.8
/wiki/9/releases/9.1.9,/wiki/drupal/releases/9.1.9
/wiki/9/releases/9.1.10,/wiki/drupal/releases/9.1.10
/wiki/9/releases/9.1.11,/wiki/drupal/releases/9.1.11
/wiki/9/releases/9.2.0,/wiki/drupal/releases/9.2.0
/wiki/9/releases/9.2.1,/wiki/drupal/releases/9.2.1
/wiki/9/releases/9.2.2,/wiki/drupal/releases/9.2.2
/wiki/9/releases/9.3.0,/wiki/drupal/releases/9.3.0
/wiki/9/routing/access-control,/wiki/9/routing#kontrol-dostupa
/wiki/9/routing/routes-and-controllers,/wiki/9/routing#marshruty-i-kontrollery
/wiki/9/routing/structure-of-routes,/wiki/9/routing#struktura-marshrutov
